vehicle_id,total_travel_time
1,115.89062647489393
2,133.63614625162742
