{
  "hospital_name": "Borowska 213, Wroclaw, Poland",
  "lab_name": "pl. Grunwaldzki 18-20, Wroclaw, Poland",
  "hospital_node": 305067543,
  "lab_node": 1989659836,
  "route": [
    305067543,
    304230334,
    184314669,
    297067916,
    297067918,
    298543327,
    184314682,
    164894965,
    95584850,
    296628946,
    184314688,
    268550131,
    297318210,
    268550128,
    297562017,
    297779790,
    297779782,
    297562007,
    297561996,
    297562000,
    297562040,
    243812378,
    158719875,
    6499415880,
    158719877,
    167075038,
    158719878,
    1657121714,
    2231731537,
    158719881,
    185460775,
    304383382,
    158719882,
    158719886,
    3792516666,
    913942493,
    304383402,
    158719888,
    158719889,
    158719893,
    158719897,
    311408076,
    173178131,
    2234580379,
    185460839,
    5003351787,
    10018046953,
    10018046984,
    10018046971,
    241780167,
    241780168,
    12921820224,
    1989659836
  ],
  "route_length": 5122.136792301627,
  "route_coords": [
    [
      51.0750162,
      17.0327137
    ],
    [
      51.0749827,
      17.0328721
    ],
    [
      51.077364,
      17.0338182
    ],
    [
      51.0781409,
      17.0340901
    ],
    [
      51.0798504,
      17.0343367
    ],
    [
      51.0814237,
      17.0346452
    ],
    [
      51.0817133,
      17.0347055
    ],
    [
      51.0831049,
      17.0349801
    ],
    [
      51.0833278,
      17.0350567
    ],
    [
      51.0845794,
      17.0352796
    ],
    [
      51.0863224,
      17.0352925
    ],
    [
      51.0869316,
      17.0376332
    ],
    [
      51.0870367,
      17.0379622
    ],
    [
      51.0877148,
      17.0389418
    ],
    [
      51.0892394,
      17.038892
    ],
    [
      51.0895828,
      17.038935
    ],
    [
      51.0909907,
      17.0387771
    ],
    [
      51.0911834,
      17.0403526
    ],
    [
      51.0911805,
      17.0405229
    ],
    [
      51.0917016,
      17.0404969
    ],
    [
      51.0923984,
      17.0406037
    ],
    [
      51.0936137,
      17.0408225
    ],
    [
      51.0959152,
      17.0407642
    ],
    [
      51.0962519,
      17.0413693
    ],
    [
      51.0963544,
      17.0414939
    ],
    [
      51.0980004,
      17.0433275
    ],
    [
      51.0981708,
      17.0435761
    ],
    [
      51.0998295,
      17.0453694
    ],
    [
      51.1008941,
      17.0459627
    ],
    [
      51.1018993,
      17.0465299
    ],
    [
      51.1030836,
      17.0474135
    ],
    [
      51.1039087,
      17.0481401
    ],
    [
      51.1045027,
      17.0486687
    ],
    [
      51.1049495,
      17.0486706
    ],
    [
      51.1054281,
      17.0488436
    ],
    [
      51.1055826,
      17.0489277
    ],
    [
      51.1057858,
      17.0490387
    ],
    [
      51.1060149,
      17.0490123
    ],
    [
      51.1075866,
      17.0483342
    ],
    [
      51.1082208,
      17.0488197
    ],
    [
      51.1091892,
      17.0512372
    ],
    [
      51.1097271,
      17.0535282
    ],
    [
      51.1098668,
      17.0541311
    ],
    [
      51.109991,
      17.054666
    ],
    [
      51.1104637,
      17.0544625
    ],
    [
      51.1114006,
      17.0550914
    ],
    [
      51.1115166,
      17.0552241
    ],
    [
      51.1115932,
      17.0554281
    ],
    [
      51.1115534,
      17.0557351
    ],
    [
      51.1113146,
      17.0565381
    ],
    [
      51.1112318,
      17.056959
    ],
    [
      51.1119183,
      17.0582263
    ],
    [
      51.1116843,
      17.0589403
    ]
  ]
}