{
  "hospital_name": "Borowska 213, Wroclaw, Poland",
  "lab_name": "pl. Grunwaldzki 18-20, Wroclaw, Poland",
  "hospital_node": 297067853,
  "lab_node": 1989659836,
  "route": [
    297067853,
    1653314281,
    302411226,
    4191235117,
    297067968,
    296629165,
    297067861,
    158719837,
    158719853,
    244400387,
    184314632,
    184314653,
    263689149,
    265740609,
    158719857,
    158719860,
    243812374,
    5890256405,
    1968485446,
    158719875,
    6499415880,
    158719877,
    167075038,
    158719878,
    1657121714,
    2231731537,
    158719881,
    185460775,
    304383382,
    158719882,
    158719886,
    3792516666,
    913942493,
    304383402,
    158719888,
    158719889,
    158719893,
    158719897,
    311408076,
    173178131,
    2234580379,
    185460839,
    5003351787,
    10018046953,
    10018046984,
    10018046971,
    241780167,
    241780168,
    12921820224,
    1989659836
  ],
  "route_length": 5965.053013257751,
  "route_coords": [
    [
      51.074849,
      17.0265653
    ],
    [
      51.0769642,
      17.0185972
    ],
    [
      51.0798643,
      17.0212709
    ],
    [
      51.0804176,
      17.0217871
    ],
    [
      51.0805939,
      17.0219502
    ],
    [
      51.0812518,
      17.0225799
    ],
    [
      51.0826284,
      17.0239272
    ],
    [
      51.0838031,
      17.0250583
    ],
    [
      51.0840126,
      17.0252207
    ],
    [
      51.0856642,
      17.0263991
    ],
    [
      51.0895125,
      17.0287358
    ],
    [
      51.0896114,
      17.0287823
    ],
    [
      51.0922246,
      17.0299827
    ],
    [
      51.0935866,
      17.0306239
    ],
    [
      51.0946244,
      17.0312594
    ],
    [
      51.0949739,
      17.0328742
    ],
    [
      51.0956597,
      17.0369504
    ],
    [
      51.0956569,
      17.0376863
    ],
    [
      51.0956674,
      17.0378078
    ],
    [
      51.0959152,
      17.0407642
    ],
    [
      51.0962519,
      17.0413693
    ],
    [
      51.0963544,
      17.0414939
    ],
    [
      51.0980004,
      17.0433275
    ],
    [
      51.0981708,
      17.0435761
    ],
    [
      51.0998295,
      17.0453694
    ],
    [
      51.1008941,
      17.0459627
    ],
    [
      51.1018993,
      17.0465299
    ],
    [
      51.1030836,
      17.0474135
    ],
    [
      51.1039087,
      17.0481401
    ],
    [
      51.1045027,
      17.0486687
    ],
    [
      51.1049495,
      17.0486706
    ],
    [
      51.1054281,
      17.0488436
    ],
    [
      51.1055826,
      17.0489277
    ],
    [
      51.1057858,
      17.0490387
    ],
    [
      51.1060149,
      17.0490123
    ],
    [
      51.1075866,
      17.0483342
    ],
    [
      51.1082208,
      17.0488197
    ],
    [
      51.1091892,
      17.0512372
    ],
    [
      51.1097271,
      17.0535282
    ],
    [
      51.1098668,
      17.0541311
    ],
    [
      51.109991,
      17.054666
    ],
    [
      51.1104637,
      17.0544625
    ],
    [
      51.1114006,
      17.0550914
    ],
    [
      51.1115166,
      17.0552241
    ],
    [
      51.1115932,
      17.0554281
    ],
    [
      51.1115534,
      17.0557351
    ],
    [
      51.1113146,
      17.0565381
    ],
    [
      51.1112318,
      17.056959
    ],
    [
      51.1119183,
      17.0582263
    ],
    [
      51.1116843,
      17.0589403
    ]
  ]
}