vehicle_id,total_travel_time
1,83.02756024026164
2,100.2781338551527
