vehicle_id,start_time,end_time,total_route_duration
1,0.0,168.02756,168.02756
2,0.0,215.27813,215.27813
3,0.0,600.0,600.0
