vehicle_id,total_travel_time
1,124.82548097215378
4,68.08881017152329
6,45.611178321945154
8,58.80440982430091
