vehicle_id,total_travel_time
1,34.894403186151756
2,109.11018879323387
3,67.5645130274483
