vehicle_id,start_time,end_time,total_route_duration
1,0.0,178.30098,178.30098
2,0.0,174.21446,174.21446
3,0.0,152.91987,152.91987
