vehicle_id,total_travel_time
1,88.30097903040198
2,109.21446305471186
3,107.91986886613837
