vehicle_id,total_travel_time
1,26.731072700138302
2,98.61097656253726
3,98.8268779192581
4,38.40894993501167
6,24.810454253796763
