vehicle_id,total_travel_time
1,29.491624286827953
2,83.08364547400818
4,85.66714790050877
5,2.427193005636471
6,97.45098584799996
