vehicle_id,total_travel_time
1,92.19361158956174
2,108.85277203935715
