vehicle_id,start_time,end_time,total_route_duration
1,0.0,175.46648,175.46648
2,0.0,179.42466,179.42466
3,0.0,189.24203,189.24203
