vehicle_id,total_travel_time
1,100.46647596199968
2,114.42465933673967
3,129.24203156985408
